[
  {
    "baseType": 3,
    "name": "name",
    "defaultValue": "",
    "description": "",
    "helpText": "",
    "isSystem": false,
    "minLength": 0,
    "maxLength": 250,
    "validationRegex": "",
    "isValidate": false,
    "uuid": "15321a01-63fd-4fa9-aac0-26f74129328e"
  },
  {
    "baseType": 3,
    "name": "Summary",
    "defaultValue": "",
    "description": "",
    "helpText": "",
    "isSystem": false,
    "minLength": 0,
    "maxLength": 20000,
    "validationRegex": "",
    "isValidate": false,
    "uuid": "9a56a4fd-50a5-4a71-9116-7b8312ad64f7"
  }
]