[
  {
    "baseType": 3,
    "name": "name",
    "defaultValue": "",
    "description": "",
    "helpText": "",
    "isSystem": false,
    "minLength": 0,
    "maxLength": 250,
    "validationRegex": "",
    "isValidate": false,
    "uuid": "b2e0172c-0f92-4152-ad36-aa8df5ea4b45"
  },
  {
    "baseType": 3,
    "name": "Summary",
    "defaultValue": "",
    "description": "",
    "helpText": "",
    "isSystem": false,
    "minLength": 0,
    "maxLength": 20000,
    "validationRegex": "",
    "isValidate": false,
    "uuid": "cb73b5c2-3fe4-4212-b3ee-7bf588e4cd1f"
  }
]