{
  "integrations": [
    {
      "id": "c457f7b8-1b84-4f52-bba3-8c58a24245ed",
      "name": "Completion Report",
      "action": "CREATE_EVENT_SIMPLE",
      "type": "INBOUND_WEBHOOK",
      "deployed": true,
      "form": "e95621d4-af1a-42d5-be8b-ff715c2e8948",
      "script": "var plan_id = 'bf67401b-2266-4e61-a08b-671cefce1f15', form_id = 'e95621d4-af1a-42d5-be8b-ff715c2e8948';\nvar xm_ver = 1;\n\nvar endpointpath = '/api/xm/' + xm_ver + '/plans/' + plan_id + '/forms/' + form_id + '/triggers';\n\nvar req = http.request({\n    method: 'POST',\n    endpoint: 'xMatters',\n    path: endpointpath,\n    headers: {\n        'Content-Type': 'application/json',\n    }\n});\n\n// Add requestId to payload\nvar payload = JSON.parse(request.body);\nif (!payload) {\n    payload = {};\n}\npayload.requestId = request.requestId;\npayload.integrationUUID = request.integrationUuid;\n\nvar response = req.write(payload);\n\n// If not 2xx response, throw exception to fail the integration\nif (response.statusCode >= 300) {\n    throw \"Failed to make call to xMatters endpoint. Path: \" + endpointpath + \". Server responded with status \" + response.statusCode;\n}\n\n",
      "environment": "HOSTED",
      "authType": "BASIC",
      "createdBy": "IB"
    },
    {
      "id": "dcc9e3c7-871d-475f-9402-9e3389d380df",
      "name": "Locations Impacted",
      "action": "RUN_SCRIPT",
      "type": "OUTBOUND_WEBHOOK",
      "triggeredBy": "STATUS",
      "deployed": true,
      "form": "147dc5f5-b231-48c3-81fc-e46f1dbd9489",
      "script": "var callback = JSON.parse(request.body);\nif (callback.status == \"active\") {\n  var xMattersSite = require('xMattersSite');\n  var xMattersProperty = require('xMattersProperty');\n\n  var response = xMattersSite.getSiteAddressLine(constants['Current Environment Endpoint']);\n\n  var locationUUIDsNoDefault = constants['Location UUIDs with no Default Value'].split(constants['Location UUIDs Delimiter']);\n\n  for (var x in locationUUIDsNoDefault) {\n    xMattersProperty.updateProperty(response, locationUUIDsNoDefault[x], constants['Current Environment Endpoint']);\n\n  }\n\n  var locationUUIDsDefault = constants['Location UUIDs with Default Value'].split(constants['Location UUIDs Delimiter']);\n\n  for (var j in locationUUIDsDefault) {\n    response.unshift(constants['Default List Value']);\n    xMattersProperty.updateProperty(response, locationUUIDsDefault[j], constants['Current Environment Endpoint']);\n  }\n\n  var report = require('SummaryReport');\n  report.initiate(constants['Current Environment Endpoint'], constants['Completion Report URL'], 'Impacted Locations, from Event ID: ' + callback.eventIdentifier);\n}",
      "environment": "ONPREMISE",
      "authType": "NONE",
      "createdBy": "IB"
    },
    {
      "id": "77ce35b9-300a-420f-b334-314ec928d54f",
      "name": "Role - Scheduler",
      "action": "RUN_SCRIPT",
      "type": "OUTBOUND_WEBHOOK",
      "triggeredBy": "STATUS",
      "deployed": true,
      "form": "e9cca65d-eca1-428d-ac53-20792997d40b",
      "script": "try {\n  var Shell = require('xm-shell');\n} catch (e) {\n  console.log(\"Could not load library:\" + e);\n  console.log(\"Running in cloud - exiting.\");\n}\n\nif (Object.getOwnPropertyNames(Shell).length === 0 ) {\n  console.log(\"Running in cloud - exiting.\");\n  return;\n}\n\nvar osname = Shell.osname();\nif (osname.startsWith('Windows')) {\n // create a script and pass some parameters into it.\n var script = Shell.script(function () {/* REM #### PLACE YOUR .BAT SCRIPT BETWEEN HERE #####\n echo Starting Python Process\n py <path-inserted-here>\\role-sync-py\\roles.py\n echo Executed Python Process\n REM ##### AND HERE #### */});\n\t\n// Execute it\n console.log(\"Output:\");\n console.log(Shell.exec('cmd', script).output());\n console.log(\"ExitCode:\");\n console.log(Shell.exec('cmd', script).exitCode());\n console.log(\"Error:\");\n console.log(Shell.exec('cmd', script).error());\n}",
      "environment": "ONPREMISE",
      "authType": "NONE",
      "createdBy": "IB"
    },
    {
      "id": "0b012d0c-7db7-400c-9a15-a38c979cf9c5",
      "name": "Site - Scheduler",
      "action": "RUN_SCRIPT",
      "type": "OUTBOUND_WEBHOOK",
      "triggeredBy": "STATUS",
      "deployed": true,
      "form": "2d115005-f3f8-4780-9fb4-e3ca69faf8c5",
      "script": "var callback = JSON.parse(request.body);\nif (callback.status == \"active\") {\n  var xMattersSite = require('xMattersSite');\n  var file = require('File');\n  var data = file.readSiteFile(constants['Site File Path']);\n\n  for (var i in data) {\n\n    if (parseInt(i) === 0) {\n\n      // skip the header row\n      continue;\n    }\n\n    try {\n\n      if (data[i].longitude === \"\" || data[i].latitude === \"\") {\n        continue;\n      }\n\n      // uncomment below to clear the sites\n      //   data[i].longitude = \"\";\n      //   data[i].latitude = \"\";\n\n      var response = xMattersSite.getSite(data[i].name, constants['Current Environment Endpoint']);\n      // update coordinates\n      xMattersSite.modifySiteCoordinates(constants['Current Environment Endpoint'], response.id, data[i].longitude, data[i].latitude, data[i].name);\n    } catch (e) {\n      console.log(\"An exception occured: \" + e);\n    }\n  }\n\n\n  var report = require('SummaryReport');\n  report.initiate('Site - Longitude & Latitude, from Event ID: ' + callback.eventIdentifier, constants['Current Environment Endpoint'], constants['Completion Report URL']);\n}",
      "environment": "ONPREMISE",
      "authType": "NONE",
      "createdBy": "IB"
    },
    {
      "id": "7e1f0056-dd79-4db5-bd44-e0d5aa65021b",
      "name": "Standard Sync - Scheduler",
      "action": "RUN_SCRIPT",
      "type": "OUTBOUND_WEBHOOK",
      "triggeredBy": "STATUS",
      "deployed": true,
      "form": "6cdb4c28-1f7c-430d-b28f-7d064d38e49a",
      "script": "var callback = JSON.parse(request.body);\nif (callback.status == \"active\") {\n\n  var cmd = require('cmd');\n\n  // SYNC SCHEDULER CANNOT WAIT FOR THE STANDARD SYNC PROCESS TO COMPLETE. \n  // THIS WILL RESULT IN THE INTEGRATION BUILDER NOT POSTING A COMPLETION REPORT.\n  var waitForProcessToComplete = false;\n  cmd.execute(constants['Standard Sync Path'], waitForProcessToComplete);\n  console.log(\"The Standard Sync has been executed.\");\n\n  // EXAMPLE OF WAITING FOR THE PROCESS TO COMPLETE AND PRINTING THE RESPONSE\n  // var waitForProcessToComplete = true;\n  // var commandString = cmd.execute(constants['Standard Sync Path'], waitForProcessToComplete);\n  // console.log(commandString);\n\n} else {\n  console.log(\"Not executing the Standard Sync, event has a status of: \" + callback.status + \".\");\n}",
      "environment": "ONPREMISE",
      "authType": "NONE",
      "createdBy": "IB"
    }
  ],
  "endpoints": [],
  "constants": [
    {
      "name": "Completion Report URL",
      "description": ""
    },
    {
      "name": "Current Environment Endpoint",
      "description": ""
    },
    {
      "name": "Default List Value",
      "value": "N/A*",
      "description": "This is the default value for lists, it must end in *"
    },
    {
      "name": "Location UUIDs Delimiter",
      "value": ";",
      "description": ""
    },
    {
      "name": "Location UUIDs with Default Value",
      "description": ""
    },
    {
      "name": "Location UUIDs with no Default Value",
      "value": "",
      "description": ""
    },
    {
      "name": "Site File Path",
      "description": ""
    },
    {
      "name": "Standard Sync Path",
      "description": "Path's must be reversed because JavaScript treats C:\\ as an escape, must be C:/"
    },
    {
      "name": "xMatters API Max Retry",
      "value": "3",
      "description": "Maximum number of retries a failed web service will execute"
    }
  ]
}