{
  "integrations": [
    {
      "id": "58ff5098-0957-4352-a0d7-e4978445dfe8",
      "name": "Completion Report",
      "action": "CREATE_EVENT_SIMPLE",
      "type": "INBOUND_WEBHOOK",
      "deployed": true,
      "form": "e8ccfbc2-9c59-43b2-a546-40f11ebfd417",
      "script": "var plan_id = '49fd1879-026a-45dd-b9f2-490a91371f96', form_id = 'e8ccfbc2-9c59-43b2-a546-40f11ebfd417';\nvar xm_ver = 1;\n\nvar endpointpath = '/api/xm/' + xm_ver + '/plans/' + plan_id + '/forms/' + form_id + '/triggers';\n\nvar req = http.request({\n    method: 'POST',\n    endpoint: 'xMatters',\n    path: endpointpath,\n    headers: {\n        'Content-Type': 'application/json',\n    }\n});\n\n// Add requestId to payload\nvar payload = JSON.parse(request.body);\nif (!payload) {\n    payload = {};\n}\npayload.requestId = request.requestId;\npayload.integrationUUID = request.integrationUuid;\n\nvar response = req.write(payload);\n\n// If not 2xx response, throw exception to fail the integration\nif (response.statusCode >= 300) {\n    throw \"Failed to make call to xMatters endpoint. Path: \" + endpointpath + \". Server responded with status \" + response.statusCode;\n}\n\n",
      "environment": "HOSTED",
      "authType": "BASIC",
      "createdBy": "IB"
    },
    {
      "id": "6ac15aea-c484-497a-8564-c51b3a981c0f",
      "name": "Locations Impacted",
      "action": "RUN_SCRIPT",
      "type": "OUTBOUND_WEBHOOK",
      "triggeredBy": "STATUS",
      "deployed": false,
      "form": "194057fe-e4c5-4197-b7f3-feb009912e12",
      "script": "var callback = JSON.parse(request.body);\nif (callback.status == \"active\") {\n  var xMattersSite = require('xMattersSite');\n  var xMattersProperty = require('xMattersProperty');\n\n  var response = xMattersSite.getSiteAddressLine(constants['Current Environment Endpoint']);\n\n  var locationUUIDsNoDefault = constants['Location UUIDs with no Default Value'].split(constants['Location UUIDs Delimiter']);\n\n  for (var x in locationUUIDsNoDefault) {\n    xMattersProperty.updateProperty(response, locationUUIDsNoDefault[x], constants['Current Environment Endpoint']);\n\n  }\n\n  var locationUUIDsDefault = constants['Location UUIDs with Default Value'].split(constants['Location UUIDs Delimiter']);\n\n  for (var j in locationUUIDsDefault) {\n    response.unshift(constants['Default List Value']);\n    xMattersProperty.updateProperty(response, locationUUIDsDefault[j], constants['Current Environment Endpoint']);\n  }\n\n  var report = require('SummaryReport');\n  report.initiate('Impacted Locations, from Event ID: ' + callback.eventIdentifier, constants['Current Environment Endpoint'], constants['Completion Report URL']);\n}",
      "environment": "ONPREMISE",
      "authType": "NONE",
      "createdBy": "IB"
    },
    {
      "id": "8d000448-6d21-400b-9993-b6adabb7bd2b",
      "name": "Role - Scheduler",
      "action": "RUN_SCRIPT",
      "type": "OUTBOUND_WEBHOOK",
      "triggeredBy": "STATUS",
      "deployed": false,
      "form": "ff4560f4-f195-47c7-b980-dd8abb20594a",
      "script": "var callback = JSON.parse(request.body);\nif (callback.status == \"active\") {\n\n  var roleGroupMap = require('Role Group Map');\n\n  var xMattersPerson = require('xMattersPerson');\n  var xMattersPersonCollection = require('xMattersPersonCollection');\n  var xMattersGroupCollection = require('xMattersGroupCollection');\n  \n  var groupInput = roleGroupMap.getGroupNames();\n\n  // iterate through each group and begin processing\n  for (var groupIncrementAdd = 0; groupIncrementAdd < groupInput.length; groupIncrementAdd++) {\n\n    var groupName = groupInput[groupIncrementAdd];\n    xMattersPerson.syncUserRoles(groupName);\n  }\n\n     var userInput = xMattersPersonCollection.getUserNames('?propertyName=' + encodeURIComponent(constants['User Role Custom Field Name']) + '&propertyValue=' + encodeURIComponent(constants['User Role Custom Field Value']), constants['Current Environment Endpoint']);\n     console.log(\"Users with elevated permissions: \" + userInput);\n     //   process user role removal\n     for (var i = 0; i < userInput.length; i++) {\n       xMattersPerson.removeUserRoles(userInput[i]);\n     }\n\n     var report = require('SummaryReport');\n     report.initiate('Role Update, from Event ID: ' + callback.eventIdentifier, constants['Current Environment Endpoint'], constants['Completion Report URL']);\n}",
      "environment": "ONPREMISE",
      "authType": "NONE",
      "createdBy": "IB"
    },
    {
      "id": "30b0fd9e-dc9c-4a30-be06-d8ae06056104",
      "name": "Site - Scheduler",
      "action": "RUN_SCRIPT",
      "type": "OUTBOUND_WEBHOOK",
      "triggeredBy": "STATUS",
      "deployed": false,
      "form": "dc898404-e638-4f10-b7ae-d7d2eb152202",
      "script": "var callback = JSON.parse(request.body);\nif (callback.status == \"active\") {\n  var xMattersSite = require('xMattersSite');\n  var file = require('File');\n  var data = file.readSiteFile(constants['Site File Path']);\n\n  for (var i in data) {\n\n    if (parseInt(i) === 0) {\n\n      // skip the header row\n      continue;\n    }\n\n    try {\n\n      if (data[i].longitude === \"\" || data[i].latitude === \"\") {\n        continue;\n      }\n\n      // uncomment below to clear the sites\n      //   data[i].longitude = \"\";\n      //   data[i].latitude = \"\";\n\n      var response = xMattersSite.getSite(data[i].name, constants['Current Environment Endpoint']);\n      // update coordinates\n      xMattersSite.modifySiteCoordinates(constants['Current Environment Endpoint'], response.id, data[i].longitude, data[i].latitude, data[i].name);\n    } catch (e) {\n      console.log(\"An exception occured: \" + e);\n    }\n  }\n\n\n  var report = require('SummaryReport');\n  report.initiate('Site - Longitude & Latitude, from Event ID: ' + callback.eventIdentifier, constants['Current Environment Endpoint'], constants['Completion Report URL']);\n}",
      "environment": "ONPREMISE",
      "authType": "NONE",
      "createdBy": "IB"
    },
    {
      "id": "e8ca2d1f-3791-402e-b943-3d5f3030024d",
      "name": "Standard Sync - Scheduler",
      "action": "RUN_SCRIPT",
      "type": "OUTBOUND_WEBHOOK",
      "triggeredBy": "STATUS",
      "deployed": false,
      "form": "8b3c49df-510e-4faf-84d9-1fe817f4f5b8",
      "script": "var callback = JSON.parse(request.body);\nif (callback.status == \"active\") {\n\n  var cmd = require('cmd');\n\n  // SYNC SCHEDULER CANNOT WAIT FOR THE STANDARD SYNC PROCESS TO COMPLETE. \n  // THIS WILL RESULT IN THE INTEGRATION BUILDER NOT POSTING A COMPLETION REPORT.\n  var waitForProcessToComplete = false;\n  cmd.execute(constants['Standard Sync Path'], waitForProcessToComplete);\n  console.log(\"The Standard Sync has been executed.\");\n\n  // EXAMPLE OF WAITING FOR THE PROCESS TO COMPLETE AND PRINTING THE RESPONSE\n  // var waitForProcessToComplete = true;\n  // var commandString = cmd.execute(constants['Standard Sync Path'], waitForProcessToComplete);\n  // console.log(commandString);\n\n} else {\n  console.log(\"Not executing the Standard Sync, event has a status of: \" + callback.status + \".\");\n}",
      "environment": "ONPREMISE",
      "authType": "NONE",
      "createdBy": "IB"
    }
  ],
  "endpoints": [],
  "constants": [
    {
      "name": "Completion Report URL",
      "value": "",
      "description": "/api/integration/1/functions/<update>/triggers"
    },
    {
      "name": "Current Environment Endpoint",
      "value": "",
      "description": "Name of Endpoint that will authenticate with xMatters instance"
    },
    {
      "name": "Default List Value",
      "value": "N/A*",
      "description": "This is the default value for lists, it must end in *"
    },
    {
      "name": "Location UUIDs Delimiter",
      "value": ";",
      "description": ""
    },
    {
      "name": "Location UUIDs with Default Value",
      "value": "",
      "description": ""
    },
    {
      "name": "Location UUIDs with no Default Value",
      "value": "",
      "description": ""
    },
    {
      "name": "Override Roles",
      "value": "true",
      "description": ""
    },
    {
      "name": "Permission Roles To Ignore For Removal",
      "value": "None",
      "description": "Semi-colon delimit roles to ignore. If no roles to ignore enter dummy data"
    },
    {
      "name": "Permission Roles To Ignore For Removal Delimiter",
      "value": ";",
      "description": ""
    },
    {
      "name": "Site File Path",
      "value": "",
      "description": "C:/xMatters/StandardSync/Standard_Sync_Process/Sync_Data/Site_Input.csv"
    },
    {
      "name": "Standard Roles To Ignore For Removal",
      "value": "Standard User",
      "description": ""
    },
    {
      "name": "Standard Roles To Ignore For Removal Delimiter",
      "value": ";",
      "description": ""
    },
    {
      "name": "Standard Sync Path",
      "description": "C:/xMatters/StandardSync/Standard_Sync_Process/Execute_Sync.bat"
    },
    {
      "name": "User Role Custom Field Name",
      "value": "Elevated Permissions",
      "description": ""
    },
    {
      "name": "User Role Custom Field Value",
      "value": "true",
      "description": ""
    },
    {
      "name": "xMatters API Max Retry",
      "value": "3",
      "description": "Maximum number of retries a failed web service will execute"
    }
  ]
}