[
  {
    "name": "cmd",
    "script": "// COMMAND LINE INTERFACE WITH THE XMATTERS AGENT\n\nexports.execute = function(cmd, waitForProcess) {\n\n  // Java Imports\n  var Runtime = Java.type('java.lang.Runtime');\n  var RuntimeException = Java.type('java.lang.RuntimeException');\n\n  // Start the process.\n  var process = Runtime.getRuntime().exec(cmd);\n\n  if (waitForProcess) {\n\n    // Wait for the process to complete.\n    process.waitFor();\n\n    // Handle the normal and error cases.\n    if (process.exitValue() === 0) {\n      return this.copyToString(process.getInputStream());\n    } else {\n      throw RuntimeException(\"The command '\" + cmd + \"' failed with exit value \" + process.exitValue());\n    }\n  }\n};\n\nexports.copyToString = function(inputstream) {\n\n  // Java Imports\n  var StringWriter = Java.type('java.io.StringWriter');\n  var BufferedWriter = Java.type('java.io.BufferedWriter');\n  var InputStreamReader = Java.type('java.io.InputStreamReader');\n  var BufferedReader = Java.type('java.io.BufferedReader');\n\n  // Store output in a string buffer.\n  var buf = new StringWriter();\n  var writer = new BufferedWriter(buf);\n\n  // Always close reader before returning.\n  var reader = new BufferedReader(new InputStreamReader(inputstream));\n  try {\n    // Copy one line at a time.\n    var line = reader.readLine();\n    while (line !== null) {\n      writer.write(line);\n      writer.newLine();\n      line = reader.readLine();\n    }\n\n    // Return the output.\n    writer.flush();\n    return buf.toString();\n\n  } finally {\n    reader.close();\n  }\n};"
  },
  {
    "name": "File",
    "script": "// log prefix\nvar sharedLibraryName = \"[File] \";\n\nexports.readSiteFile = function(inFile) {\n\n  var xLoggerPrefix = sharedLibraryName + \"readSiteFile: \";\n\n  var fRead = new java.io.FileReader(inFile);\n  var bufRead = new java.io.BufferedReader(fRead);\n  var aLine = \"\";\n  aLine = bufRead.readLine();\n\n  var data = [];\n\n  while (aLine !== null) {\n\n    if (aLine === 0) {\n      continue;\n    }\n\n    // replace all \",\" and leading and trailing \"\n    var row;\n    console.log(xLoggerPrefix + \"Aline.indexOf: \" + aLine.indexOf('\"') );\n    if (aLine.indexOf('\"') >= 0) {\n      row = aLine.replace(/\",\"/g, \";\").replace(/\"/g, \"\").split(';');\n    } else {\n      console.log(xLoggerPrefix + \" IN THE ELSE STATEMENT - BEFORE: \" + aLine);\n      row = aLine.replace(/,/g, ';').split(';');\n      console.log(xLoggerPrefix + \" IN THE ELSE STATEMENT - AFTER: \" + aLine);\n    }\n\n    console.log(xLoggerPrefix + \"Printing Row: \" + row);\n    var obj = {};\n    obj.name = row[0];\n\n    console.log(xLoggerPrefix + \"name: \" + obj.name);\n    obj.longitude = row[row.length - 1];\n    console.log(xLoggerPrefix + \"longitude: \" + obj.longitude);\n    obj.latitude = row[row.length - 2];\n    console.log(xLoggerPrefix + \"latitude: \" + obj.latitude);\n    data.push(obj);\n\n    // increment to next row\n    aLine = bufRead.readLine();\n  }\n  bufRead.close();\n\n  return data;\n};"
  },
  {
    "name": "Role Group Map",
    "script": "// shared libraries\nrequire('ROLE_GROUPS');\n\n// log prefix\nvar sharedLibraryName = \"[Role Group Map] \";\n\n/**\n * Local helper function\n * */\nfunction isValidString(str) {\n\n  var valid = true;\n\n  if (str === undefined) {\n    valid = false;\n  } else if (str === null) {\n    valid = false;\n  } else if (str.trim() === \"\") {\n    valid = false;\n  }\n\n  return valid;\n}\n\nexports.getRoles = function(groupName) {\n\n  var xLoggerPrefix = sharedLibraryName + \"getRoles: \";\n\n  groupName = groupName.trim();\n\n  // Roles array\n  var roles = [];\n\n  // for each role group\n  for (var i = 0; i < ROLE_GROUPS.data.length; i++) {\n\n    // Determine if there is a group\n    var match = (ROLE_GROUPS.data[i].group === groupName); // returns true/false boolean\n\n    if (match) { // if there is a match...\n\n      console.log(xLoggerPrefix + \"Match found, for group \" + groupName);\n\n      // Loop through the roles and assign\n      var x;\n      for (x in ROLE_GROUPS.data[i].roles) {\n        var role = ROLE_GROUPS.data[i].roles[x];\n        roles.push(role);\n      }\n\n      break; // Stop looping\n    }\n  }\n\n  if (roles.length === 0) {\n    console.log(xLoggerPrefix + \"No Match\");\n  }\n\n  console.log(xLoggerPrefix + \"Returning roles: \" + roles);\n\n  return roles;\n};\n\nexports.getGroupNames = function() {\n  var groupNames = [];\n\n  for (var i = 0; i < ROLE_GROUPS.data.length; i++) {\n    var name = ROLE_GROUPS.data[i].group;\n    groupNames.push(name);\n  }\n  return groupNames;\n};\n\nexports.getAssociatedGroups = function(roleName) {\n\n  var xLoggerPrefix = sharedLibraryName + \"getAssociatedGroups\";\n\n  var groupNames = [];\n\n  // for each role group\n  for (var i = 0; i < ROLE_GROUPS.data.length; i++) {\n    var roleArray = ROLE_GROUPS.data[i].roles;\n\n    // Determine if there is a group\n    var match = (roleArray.indexOf(roleName) !== -1); // returns true/false boolean\n\n    if (match) { // if there is a match...\n      var group = ROLE_GROUPS.data[i].group;\n      groupNames.push(group);\n    }\n  }\n\n  console.log(xLoggerPrefix + \"Returning: \" + groupNames);\n\n  return groupNames;\n};\n\nexports.hasRole = function(roleArray) {\n\n  var xLoggerPrefix = sharedLibraryName + \"hasRole: \";\n\n  var hasMatchingRole = false;\n\n  // for each role group\n  for (var i = 0; i < ROLE_GROUPS.data.length; i++) {\n\n    var x;\n    for (x in ROLE_GROUPS.data[i].roles) {\n      var role = ROLE_GROUPS.data[i].roles[x];\n      // Determine if there is a group\n      var match = (roleArray.indexOf(role) !== -1); // returns true/false boolean\n\n      if (match) { // if there is a match...\n\n        hasMatchingRole = true;\n        break; // Stop looping\n      }\n    }\n  }\n\n  console.log(xLoggerPrefix + \"Returning: \" + hasMatchingRole);\n\n  return hasMatchingRole;\n};\n\nexports.getAllRoles = function() {\n\n  var xLoggerPrefix = sharedLibraryName + \"getAllRoles: \";\n\n  // Roles array\n  var roles = [];\n\n  // for each role group\n  for (var i = 0; i < ROLE_GROUPS.data.length; i++) {\n\n    // Loop through the roles and assign\n    var x;\n    for (x in ROLE_GROUPS.data[i].roles) {\n      var role = ROLE_GROUPS.data[i].roles[x];\n      if (roles.indexOf(role) === -1) {\n        roles.push(role);\n      }\n    }\n  }\n\n  console.log(xLoggerPrefix + \"Returning roles: \" + roles);\n\n  return roles;\n};"
  },
  {
    "name": "ROLE_GROUPS",
    "script": "ROLE_GROUPS =\r\n\r\n  {\r\n    \"data\": [{\r\n      \"group\": \"xMatters Developers\",\r\n      \"roles\": [\"Developer\", \"Full Access User\"]\r\n    }, {\r\n      \"group\": \"xMatters Company Supervisor\",\r\n      \"roles\": [\"Company Supervisor\"]\r\n    }]\r\n  };"
  },
  {
    "name": "SummaryReport",
    "script": "var xmAPI = require('xMattersAPI');\nvar sharedLibraryName = 'SummaryReport ';\nexports.initiate = function(name, endpoint, path) {\n  \n  var data = {};\n  data.properties = {};\n  data.properties.name = name;\n  \n  var xLoggerPrefix = sharedLibraryName + \"initiate: \";\n  var headers = {\n    \"Content-Type\": \"application/json\"\n  };\n\n  var response = xmAPI.post(data, endpoint, path, headers);\n  try {\n    if (xmAPI.statusCodeSuccess(response.statusCode)) {\n      json = JSON.parse(response.body);\n      console.log(xLoggerPrefix + \" \" + JSON.stringify(json));\n    } else {\n      json = null;\n    }\n  } catch (e) {\n\n    console.log(xLoggerPrefix + \"Unexpected exception: \" + e);\n    json = null;\n  }\n  return json;\n};"
  },
  {
    "name": "util",
    "script": "/**\nThis function returns the elements of arr1 that are not in arr2\nfor instance,\n\narr1 = ['larry.david', 'jerry.seinfeld'];\narr2 = ['larry.david'];\n\ndiff would return ['jerry.seinfeld']\n**/\n\nexports.arrayDiff = function(arr1, arr2) {\n\n  var diff = [];\n  for (var d in arr1) {\n\n    if (arr2.indexOf(arr1[d]) === -1) {\n      diff.push(arr1[d]);\n    }\n  }\n\n  return diff;\n\n};\n\n/**\nThis function returns the elements of arr1 that are in arr2\nfor instance,\n\narr1 = ['larry.david', 'jerry.seinfeld'];\narr2 = ['larry.david'];\n\nmatch would return ['larry.david']\n**/\n\nexports.arrayMatch = function(arr1, arr2) {\n\n  var match = [];\n  for (var d in arr1) {\n\n    if (arr2.indexOf(arr1[d]) !== -1) {\n      match.push(arr1[d]);\n    }\n  }\n\n  return match;\n\n};\n\n/**\nThis function removes duplicates from an array\nfor instance,\n\narr = ['larry.david', 'larry.david'];\n\nunique would return ['larry.david']\n**/\n\nexports.arrayUnique = function(arr) {\n\n  var unique = [];\n  for (var d in arr) {\n\n    if (unique.indexOf(arr[d]) === -1) {\n      unique.push(arr[d]);\n    }\n  }\n\n  return unique;\n};\n\n\n// This function provides the ability to leverage true/false from constants as booleans in logic\nexports.getConstantAsBoolean = function(constantName) {\n  return JSON.parse(constants[String(constantName)].trim().toLowerCase());\n};\n\nexports.getConstantAsInteger = function(constantName) {\n  return parseInt(constants[String(constantName)].trim());\n};\n"
  },
  {
    "name": "xMattersAPI",
    "script": "// shared libraries\nvar util = require('util');\n\n// log prefix\nvar sharedLibraryName = \"[xMattersAPI] \";\n\nexports.post = function(jsonStr, endpoint, path, headers) {\n  return execute('POST', jsonStr, endpoint, path, headers);\n};\nexports.put = function(jsonStr, endpoint, path, headers) {\n  return execute('PUT', jsonStr, endpoint, path, headers);\n};\nexports.get = function(endpoint, path, headers) {\n  return execute('GET', null, endpoint, path, headers);\n};\n\nexports.delete = function(endpoint, path, headers) {\n  return execute('DELETE', null, endpoint, path, headers);\n};\n\nexports.statusCodeSuccess = function(statusCode) {\n  return (statusCode >= 200 && statusCode <= 299);\n};\n\n// Maximum number of retries for timeouts and unexpected exceptions\nMAX_RETRY = util.getConstantAsInteger('xMatters API Max Retry');\n\nfunction execute(method, jsonStr, endpoint, path, headers) {\n  \n  var xLoggerPrefix = sharedLibraryName + \"execute: \";    \n    \n  var retry = 0;\n  var response;\n\n  // if the request fails due to an exception, retry the request\n  while (retry < MAX_RETRY) {\n    try {\n      var request = {\n        'endpoint': endpoint,\n        'method': method,\n        'path': path\n      };\n\n      if (headers === undefined) {\n        if (method !== 'GET') {\n          request.headers = {\n            'Content-Type': 'application/json'\n          };\n        }\n      } else {\n        request.headers = headers;\n      }\n\n      var req = http.request(request);\n      response = method !== 'GET' ? req.write(jsonStr) : req.write();\n\n      retry = MAX_RETRY; // succeed\n\n    } catch (e) {\n      console.log(xLoggerPrefix + \" Unexepected Exception: \" + e);\n      response = null;\n      retry++;\n    }\n  }\n\n  return response;\n}"
  },
  {
    "name": "xMattersGroup",
    "script": "// shared libraries\nvar xmAPI = require('xMattersAPI');\nvar xMattersGroupMembership = require('xMattersGroupMembership');\nvar util = require('util');\nvar xMattersPerson = require('xMattersPerson');\nvar xMattersSite = require('xMattersSite');\n\n// log prefix\nvar sharedLibraryName = \"[xMattersGroup] \";\n\nexports.createAndUpdateGroup = function(data, endpoint) {\n  var xLoggerPrefix = sharedLibraryName + \"createAndUpdateGroup: \";\n\n  var path = \"/api/xm/1/groups/\";\n  var headers = {\n    \"Content-Type\": \"application/json\"\n  };\n  var response = xmAPI.post(data, endpoint, path, headers);\n  try {\n    if (xmAPI.statusCodeSuccess(response.statusCode)) {\n      json = JSON.parse(response.body);\n      console.log(xLoggerPrefix + \"Created group: \" + json.targetName + \". ID = \" + json.id);\n\n    } else if (response.statusCode == 409) {\n\n      console.log(xLoggerPrefix + \"Group already exists, retrieving existing group\");\n      json = this.getGroup(data.targetName, endpoint);\n\n    } else {\n      console.log(xLoggerPrefix + \"Error occured while creating Group: \" + data.targetName + \" Response: \" + JSON.stringify(response));\n      json = null;\n    }\n  } catch (e) {\n    console.log(xLoggerPrefix + \"Unexpected exception:\" + e);\n    json = null;\n  }\n  return json;\n};\n\nexports.removeGroup = function(groupId, endpoint) {\n  var xLoggerPrefix = sharedLibraryName + \"removeGroup: \";\n\n  var path = \"/api/xm/1/groups/\" + encodeURIComponent(groupId);\n  var headers = {\n    \"Content-Type\": \"application/json\"\n  };\n  var response = xmAPI.delete(endpoint, path, headers);\n  try {\n    if (xmAPI.statusCodeSuccess(response.statusCode)) {\n      json = JSON.parse(response.body);\n      console.log(xLoggerPrefix + \"Deleted group: \" + groupId);\n    } else {\n      json = null;\n    }\n  } catch (e) {\n\n    console.log(xLoggerPrefix + \"Unexpected exception:\" + e);\n    json = null;\n  }\n  return json;\n};\n\nexports.getGroup = function(groupName, endpoint) {\n  var xLoggerPrefix = sharedLibraryName + \"getGroup: \";\n\n  var path = \"/api/xm/1/groups/\" + encodeURIComponent(groupName) + \"?embed=supervisors\";\n  var response = xmAPI.get(endpoint, path);\n  try {\n    if (xmAPI.statusCodeSuccess(response.statusCode)) {\n      json = JSON.parse(response.body);\n      console.log(xLoggerPrefix + \"Retrieved group: \" + json.targetName + \". ID = \" + json.id);\n    } else if (response.statusCode == 404) {\n      console.log(xLoggerPrefix + \"The group could not be found: \" + groupName);\n      json = null;\n    } else {\n      console.log(xLoggerPrefix + \"Error occured while retrieving Group: \" + groupName + \" Response: \" + JSON.stringify(response));\n      json = null;\n    }\n  } catch (e) {\n    console.log(xLoggerPrefix + \"Unexpected exception:\" + e);\n    json = null;\n  }\n  return json;\n};\n"
  },
  {
    "name": "xMattersGroupCollection",
    "script": "// require shared libraries\nvar xmAPI = require('xMattersAPI');\n\n// log prefix\nvar sharedLibraryName = \"[xMattersGroupCollection] \";\n\nexports.getGroupNames = function(filter, endpoint) {\n  var xLoggerPrefix = sharedLibraryName + \"getGroupNames: \";\n  if (filter === null) {\n    filter = \"?\";\n  } else {\n    filter += \"&\";\n  }\n\n  var groups = this.getGroups(filter + 'offset=0&limit=1000', endpoint);\n\n  var total = groups.total;\n  var count = groups.count;\n  var groupNames = [];\n  var p = 0;\n\n  while (p < total) {\n\n    for (var i = 0; i < count; i++) {\n      groupNames.push(json.data[i].targetName);\n    }\n\n    p += count;\n\n    if (p < total) {\n\n      groups = this.getGroups(filter + 'offset=' + p + '&limit=1000', endpoint);\n      count = groups.count;\n    }\n  }\n\n  return groupNames;\n};\n\n// accepts Groups Name or Group ID as a paramter\nexports.getRosterMembership = function(groupId, environment) {\n  var xLoggerPrefix = sharedLibraryName + \"getMembership: \";\n  var roster = this.getRoster(groupId, environment, '&offset=0&limit=1000');\n\n  if (!roster) {\n    console.log(xLoggerPrefix + \"Group Not Found: \" + groupId);\n    return null;\n  }\n\n  var total = roster.total;\n  var count = roster.count;\n  var p = 0;\n  var members = [];\n\n  while (p < total) {\n\n    // loop through the members returned and push to an array\n    for (var d in roster.data) {\n      console.log(xLoggerPrefix + 'Processing membership.... roster.data ' + JSON.stringify(roster.data));\n\n      var user = roster.data[d].member.targetName;\n      console.log(xLoggerPrefix + \"Members: \" + user);\n      if (members.indexOf(user) === -1) {\n        members.push(user);\n      }\n    }\n\n    p += count;\n\n    if (p < total) {\n\n      roster = this.getRoster(groupId, environment, '&offset=' + p + '&limit=1000');\n      count = roster.count;\n    }\n  }\n\n  return members;\n};\n\n\nexports.getRoster = function(groupName, endpoint, offsetLimitFilter) {\n  var xLoggerPrefix = sharedLibraryName + \"getRoster: \";\n  var path = \"/api/xm/1/groups/\" + encodeURIComponent(groupName) + \"/members?embed=shifts\" + offsetLimitFilter;\n  var response = xmAPI.get(endpoint, path);\n  try {\n    if (xmAPI.statusCodeSuccess(response.statusCode)) {\n      json = JSON.parse(response.body);\n    } else {\n      console.log(xLoggerPrefix + \"Error occured while retrieving the Group Roster: \" + groupName + \" Response: \" + JSON.stringify(response));\n      json = null;\n    }\n  } catch (e) {\n    json = null;\n  }\n\n  return json;\n};\n\n\nexports.getGroups = function(filter, endpoint) {\n\n  var xLoggerPrefix = sharedLibraryName + \"getGroups:\";\n\n  var path = \"/api/xm/1/groups\" + filter;\n  var response = xmAPI.get(endpoint, path);\n  try {\n    if (xmAPI.statusCodeSuccess(response.statusCode)) {\n      json = JSON.parse(response.body);\n      console.log(xLoggerPrefix + \"Retrieved groups\");\n    } else {\n      console.log(xLoggerPrefix + \"Error occured while executing getGroups for filter \" + filter + \"  Response: \" + JSON.stringify(response));\n      json = null;\n    }\n  } catch (e) {\n    console.log(xLoggerPrefix + \"Unexpected exception:\" + e);\n    json = null;\n  }\n  return json;\n};\n\n// accepts Groups Name or Group ID as a paramter\nexports.getShiftMembership = function(groupId, shiftId, environment) {\n  var xLoggerPrefix = sharedLibraryName + \"getShiftMembership: \";\n  var shift = this.getShift(groupId, shiftId, environment, '?offset=0&limit=1000');\n\n  if (!shift) {\n    console.log(xLoggerPrefix + \"Group or Shift Not Found, Group: \" + groupId + \" Shift: \" + shiftId) ;\n    return null;\n  }\n\n  var total = shift.total;\n  var count = shift.count;\n  var p = 0;\n  var members = [];\n\n  while (p < total) {\n\n    // loop through the shifts and members returned and push to an array\n    for (var d in shift.data) {\n\n      if (shift.data[d].shift.name == \"Default Shift\"){\n        console.log(xLoggerPrefix + 'Processing shift membership.... shift.data ' + JSON.stringify(shift.data));\n\n        var user = shift.data[d].recipient.targetName;\n        console.log(xLoggerPrefix + \"Members: \" + user);\n        if (members.indexOf(user) === -1) {\n          members.push(user);\n        }\n      }\n    }\n\n    p += count;\n\n    if (p < total) {\n\n      shift = this.getShift(groupId, shiftId, environment, '&offset=' + p + '&limit=1000');\n      count = shift.count;\n    }\n  }\n\n  return members;\n};\n\n\nexports.getShift = function(groupName, shiftName, endpoint, offsetLimitFilter) {\n  var xLoggerPrefix = sharedLibraryName + \"getShift: \";\n  var path = \"/api/xm/1/groups/\" + encodeURIComponent(groupName) + \"/shifts/\"+shiftName+\"/members\" + offsetLimitFilter;\n  var response = xmAPI.get(endpoint, path);\n  try {\n    if (xmAPI.statusCodeSuccess(response.statusCode)) {\n      json = JSON.parse(response.body);\n    } else {\n      console.log(xLoggerPrefix + \"Error occured while retrieving the Group's shift: \" + groupName + \" Response: \" + JSON.stringify(response));\n      json = null;\n    }\n  } catch (e) {\n    json = null;\n  }\n\n  return json;\n};\n"
  },
  {
    "name": "xMattersGroupMembership",
    "script": "// require shared libraries\nvar xmAPI = require('xMattersAPI');\nvar util = require('util');\nvar xMattersGroupCollection = require('xMattersGroupCollection');\nvar xMattersPerson = require('xMattersPerson');\nvar xMattersGroup = require('xMattersGroup');\n\n// log prefix\nvar sharedLibraryName = \"[xMattersGroupMembership] \";\n\nexports.removeFromRoster = function(memberId, groupId, endpoint) {\n  // set xLoggerPrefix to contain the function name \n  var xLoggerPrefix = sharedLibraryName + \"removeFromRoster: \";\n\n  var path = \"/api/xm/1/groups/\" + encodeURIComponent(groupId) + \"/members/\" + memberId;\n  var headers = {\n    \"Content-Type\": \"application/json\"\n  };\n  var response = xmAPI.delete(endpoint, path, headers);\n  try {\n    if (response.statusCode == 200) {\n      json = JSON.parse(response.body);\n      console.log(xLoggerPrefix + \"Deleted member: \" + json.member.id);\n    } else if (response.statusCode == 204) {\n      console.log(xLoggerPrefix + \"Member not found.\");\n    } else {\n      json = null;\n    }\n  } catch (e) {\n\n    console.log(xLoggerPrefix + \"Unexpected error:\" + e);\n    json = null;\n  }\n  return json;\n};\n\nexports.addToRoster = function(memberId, groupId, recipientType, endpoint) {\n\n  // set xLoggerPrefix to contain the function name \n  var xLoggerPrefix = sharedLibraryName + \"addToRoster: \";\n\n  var data = {};\n  data.id = memberId;\n  data.recipientType = recipientType;\n\n  var path = \"/api/xm/1/groups/\" + encodeURIComponent(groupId) + \"/members\";\n  var headers = {\n    \"Content-Type\": \"application/json\"\n  };\n  var response = xmAPI.post(data, endpoint, path, headers);\n  try {\n    if (xmAPI.statusCodeSuccess(response.statusCode)) {\n      json = JSON.parse(response.body);\n      console.log(xLoggerPrefix + \"Added member \" + json.targetName + \". ID = \" + json.id);\n    } else {\n      json = null;\n    }\n  } catch (e) {\n\n    console.log(xLoggerPrefix + \"Unexpected error:\" + e);\n    json = null;\n  }\n  return json;\n};\n\nexports.addMemberToShift = function(groupId, shiftName, memberId, recipientType, endpoint) {\n\n  // set xLoggerPrefix to contain the function name \n  var xLoggerPrefix = sharedLibraryName + \"addMemberToShift: \";\n\n  var data = {};\n  var memberInfo = {};\n  memberInfo.id = memberId;\n  memberInfo.recipientType = recipientType;\n  data.recipient = memberInfo;\n\n  var path = \"/api/xm/1/groups/\" + encodeURIComponent(groupId) + \"/shifts/\" + encodeURIComponent(shiftName) + '/members';\n  var headers = {\n    \"Content-Type\": \"application/json\"\n  };\n  var response = xmAPI.post(data, endpoint, path, headers);\n\n  try {\n    if (xmAPI.statusCodeSuccess(response.statusCode)) {\n      json = JSON.parse(response.body);\n      console.log(xLoggerPrefix + \"Added member: \" + json.recipient.id);\n    } else {\n      json = null;\n      console.log(xLoggerPrefix + \"Failed to add member \" + memberId);\n    }\n  } catch (e) {\n\n    console.log(xLoggerPrefix + \"Unexpected error:\" + e);\n    json = null;\n  }\n\n  return json;\n};\n\nexports.getShift = function(groupId, shiftName, endpoint) {\n\n  // set xLoggerPrefix to contain the function name \n  var xLoggerPrefix = sharedLibraryName + \"getShift: \";\n\n  var path = \"/api/xm/1/groups/\" + encodeURIComponent(groupId) + \"/shifts/\" + encodeURIComponent(shiftName);\n  var response = xmAPI.get(endpoint, path);\n  try {\n    if (xmAPI.statusCodeSuccess(response.statusCode)) {\n      json = JSON.parse(response.body);\n      console.log(xLoggerPrefix + \"Retrieved shift : \" + json.name + \". ID = \" + json.id);\n    } else {\n      console.log(xLoggerPrefix + \"Failed retrieving group \" + groupID);\n      json = null;\n    }\n  } catch (e) {\n\n    console.log(xLoggerPrefix + \"Unexpected error:\" + e);\n    json = null;\n  }\n  return json;\n};"
  },
  {
    "name": "xMattersPerson",
    "script": "// shared libraries\nvar xMattersGroup = require('xMattersGroup');\nvar xMattersGroupMembership = require('xMattersGroupMembership');\nvar xMattersGroupCollection = require('xMattersGroupCollection');\nvar xMattersPersonCollection = require('xMattersPersonCollection');\nvar xmAPI = require('xMattersAPI');\nvar util = require('util');\nvar roleMap = require('Role Group Map');\n\n// log prefix\nvar sharedLibraryName = \"[xMattersPerson] \";\n\nexports.removeUserRoles = function(userName) {\n\n  var xLoggerPrefix = sharedLibraryName + \"removeUserRoles: \";\n  var user = this.getPerson(userName, constants['Current Environment Endpoint']);\n\n  // push the original roles to an array\n  var originalRoleArray = this.getUserRoles(user);\n  console.log(xLoggerPrefix + 'userName: ' + userName + ' - Original RETURN: ' + originalRoleArray);\n\n  // Standard User\n  var permissionRolesToIgnore = constants['Permission Roles To Ignore For Removal'].split(constants['Permission Roles To Ignore For Removal Delimiter']);\n\n  // Business Cordint...ICM Admin User...etc.\n  var permissionRoles = roleMap.getAllRoles();\n\n  // Finds matching roles and identifies the permissions the user has \n  var userPermissionRoles = util.arrayMatch(originalRoleArray, permissionRoles);\n\n  // with the matching roles found we're going to copy these roles and push.\n  var permissionRoleIgnoreArray = util.arrayMatch(userPermissionRoles, permissionRolesToIgnore);\n\n  console.log(xLoggerPrefix + 'permissionRoleIgnoreArray - for user ' + userName + ' ' + permissionRoleIgnoreArray);\n  console.log(xLoggerPrefix + \"Checking if we need to remove the roles for: \" + userName);\n  var roleMembersArray = this.hasRoleGroupMembership(userName);\n\n  var newPermissionRoles = permissionRoleIgnoreArray.concat(roleMembersArray);\n\n  // I have one last thing to do and compare the  permission roles to ignore \n  console.log(xLoggerPrefix + 'userName: ' + userName + ' - Original Roles: ' + originalRoleArray);\n  console.log(xLoggerPrefix + 'userName: ' + userName + ' - New Permission Roles: ' + newPermissionRoles);\n\n  var standardRolesToIgnore = constants['Standard Roles To Ignore For Removal'].split(constants['Standard Roles To Ignore For Removal Delimiter']);\n  console.log(xLoggerPrefix + 'userName: ' + userName + ' - standardRolesToIgnore: ' + standardRolesToIgnore);\n\n  var nonpermissionRoles = util.arrayDiff(originalRoleArray, permissionRoles);\n\n  console.log(xLoggerPrefix + 'userName: ' + userName + ' - nonpermissionRoles: ' + nonpermissionRoles);\n  var updatedStandardRoles = util.arrayMatch(standardRolesToIgnore, nonpermissionRoles);\n  console.log(xLoggerPrefix + 'userName: ' + userName + ' - Original Roles: ' + originalRoleArray);\n  console.log(xLoggerPrefix + 'userName: ' + userName + ' - updatedStandardRoles: ' + updatedStandardRoles);\n  console.log(xLoggerPrefix + 'userName: ' + userName + ' - adding: ' + updatedStandardRoles + ' and ' + newPermissionRoles);\n  var updatedRoles = updatedStandardRoles.concat(newPermissionRoles);\n  console.log(xLoggerPrefix + 'userName: ' + userName + ' - updatedRoles: ' + updatedRoles);\n\n  var userUpdateRequired = this.isUpdateRequired(originalRoleArray, updatedRoles, userName);\n  console.log(xLoggerPrefix + 'userName: ' + userName + ' -   userUpdateRequired: ' + userUpdateRequired);\n\n  if (userUpdateRequired) {\n    var overrideRoles = util.getConstantAsBoolean('Override Roles');\n    this.processRoles(user, updatedRoles, overrideRoles);\n  }\n};\n\nexports.getUserRoles = function(user) {\n\n  var userRoles = [];\n  for (var d in user.roles.data) {\n    var roleName = user.roles.data[d].name;\n    console.log(\"getUserRoles  \" + user.targetName + \" adding role \" + roleName);\n    userRoles.push(roleName);\n  }\n\n  return userRoles;\n};\n\nexports.hasRoleGroupMembership = function(userName) {\n\n  var xLoggerPrefix = sharedLibraryName + \"hasRoleGroupMembership: \";\n\n  var membership = xMattersPersonCollection.getUsersGroupMembership(constants['Current Environment Endpoint'], userName);\n  console.log(xLoggerPrefix + userName + \" returned: \" + membership);\n  var memberGroupsRoles = [];\n  for (var i in membership) {\n    var roles = roleMap.getRoles(membership[i]);\n    for (var x in roles) {\n      memberGroupsRoles.push(roles[x]);\n    }\n  }\n\n  var newRoles = util.arrayUnique(memberGroupsRoles);\n\n  console.log(xLoggerPrefix + 'userName: ' + userName + ' - newRoles: ' + newRoles);\n\n  return newRoles;\n};\n\nexports.isUpdateRequired = function(originalRoleArray, newRoles, userName) {\n\n  var xLoggerPrefix = sharedLibraryName + \"isUpdateRequired: \";\n\n  console.log(xLoggerPrefix + \"userName: \" + userName + ' - Original Role Array: ' + originalRoleArray);\n  console.log(xLoggerPrefix + \"userName: \" + userName + ' - New Roles: ' + newRoles);\n\n  // first compare one array to the other, if a difference is returned this means an update is required\n  var isRequired = (util.arrayDiff(newRoles, originalRoleArray).length !== 0);\n\n  if (!isRequired) {\n    // if isRequired is still false, compare the originalRoleArray to the newRoles\n    isRequired = (util.arrayDiff(originalRoleArray, newRoles).length !== 0);\n  }\n\n  console.log(xLoggerPrefix + \"userName: \" + userName + ' - isRequired: ' + isRequired);\n\n  return isRequired;\n};\n\nexports.syncUserRoles = function(groupName) {\n  var xLoggerPrefix = sharedLibraryName + \"syncUserRoles: \";\n\n  console.log(xLoggerPrefix + \" retrieving \" + groupName);\n  try {\n    var group = xMattersGroup.getGroup(groupName, constants['Current Environment Endpoint']);\n    if (!group) {\n      console.log('Group: ' + groupName + ' not retrieved, skipping role update.');\n      return {};\n    }\n    var users = xMattersGroupCollection.getRosterMembership(group.id, constants['Current Environment Endpoint']);\n    console.log(xLoggerPrefix + \" retrieving users for \" + groupName + \" users \" + users);\n    var roles = roleMap.getRoles(groupName);\n\n    // for each member, update their roles\n    for (var memberIncrement = 0; memberIncrement < users.length; memberIncrement++) {\n\n      // update the users roles\n      var userUpdated = this.processRoles(users[memberIncrement], roles, null, groupName);\n\n      if (!userUpdated) {\n        console.log(xLoggerPrefix + \"userUpdated - failed for Role Group: \" + groupName + \" and user: \" + users[memberIncrement]);\n      }\n    }\n  } catch (e) {\n    console.log(xLoggerPrefix + 'Unexpected exception: ' + e);\n  }\n\n  return {};\n};\n\n// newRoles is an array\nexports.processRoles = function(user, newRoles, overrideRoles, groupName) {\n  var xLoggerPrefix = sharedLibraryName + \"processRoles: \";\n  var userRec;\n\n  console.log(xLoggerPrefix + \" for user \" + user + \" in group \" + \" typeof user === 'string' \" + (typeof user === 'string'));\n\n  if (typeof user === 'string') {\n    userRec = this.getPerson(user, constants['Current Environment Endpoint']);\n\n    if (!userRec) {\n      console.log(xLoggerPrefix + user + \" not found in \" + constants['Current Environment Endpoint'] + \" skipping role update\");\n      return null;\n    }\n\n  } else {\n    userRec = user;\n  }\n\n  var userName = userRec.targetName;\n\n  console.log(xLoggerPrefix + \" for user \" + userName + \" in group \" + groupName + \" new roles: \" + newRoles + \" overrideRoles \" + overrideRoles);\n  var roleArray = [];\n\n  // preserve existing roles\n  if (!overrideRoles) {\n    for (var d in userRec.roles.data) {\n      var roleName = userRec.roles.data[d].name;\n\n      roleArray.push(roleName);\n    }\n  }\n\n  console.log(xLoggerPrefix + \" for user \" + userName + \" in group \" + groupName + ' preserving roles' + roleArray + ' about to add ' + newRoles);\n\n  for (var x in newRoles) {\n    console.log(xLoggerPrefix + 'value ' + newRoles[x] + ' list ' + roleArray);\n\n    if (roleArray.indexOf(newRoles[x]) === -1) {\n      console.log(xLoggerPrefix + 'adding value ' + newRoles[x] + ' list ' + roleArray);\n      roleArray.push(newRoles[x]);\n    }\n  }\n\n  console.log(xLoggerPrefix + \" for user \" + userName + \" in group \" + groupName + ' roleArray final ' + roleArray);\n\n  var data = {};\n  data.id = userRec.id;\n  data.roles = roleArray;\n  data.properties = {};\n  if (roleMap.hasRole(roleArray)) {\n    data.properties[String(constants['User Role Custom Field Name'])] = true;\n  } else {\n    data.properties[String(constants['User Role Custom Field Name'])] = false;\n  }\n\n  return this.modifyUser(data, constants['Current Environment Endpoint']);\n};\n\n\nexports.getPerson = function(username, endpoint) {\n  var xLoggerPrefix = sharedLibraryName + \"getPerson: \";\n  var path = \"/api/xm/1/people/\" + encodeURIComponent(username) + \"?embed=roles\";\n  var response = xmAPI.get(endpoint, path);\n  try {\n    if (xmAPI.statusCodeSuccess(response.statusCode)) {\n      json = JSON.parse(response.body);\n      console.log(xLoggerPrefix + \"Retrieved person \" + json.targetName + \". ID = \" + json.id);\n    } else if (response.statusCode == \"404\") {\n      var data = JSON.parse(response.body);\n      json = null;\n      console.log(xLoggerPrefix + \"Unable to retrieve user from xMatters, message response: \" + data.message);\n    } else {\n      console.log(xLoggerPrefix + \"Error occured while retrieving User: \" + username + \" Response: \" + JSON.stringify(response));\n      json = null;\n    }\n  } catch (e) {\n    console.log(xLoggerPrefix + \"Unexpected exception:\" + e);\n    json = null;\n  }\n  return json;\n};\n\nexports.modifyUser = function(data, endpoint) {\n  var xLoggerPrefix = sharedLibraryName + \"modifyUser: \";\n  var path = \"/api/xm/1/people/\";\n  var headers = {\n    \"Content-Type\": \"application/json\"\n  };\n\n  var response = xmAPI.post(data, endpoint, path, headers);\n  try {\n    if (xmAPI.statusCodeSuccess(response.statusCode)) {\n      json = JSON.parse(response.body);\n      console.log(xLoggerPrefix + json.targetName + \". ID = \" + json.id);\n    } else {\n      json = null;\n    }\n  } catch (e) {\n\n    console.log(xLoggerPrefix + \"Unexpected exception: \" + e);\n    json = null;\n  }\n  return json;\n};"
  },
  {
    "name": "xMattersPersonCollection",
    "script": "// shared libraries\nvar xmAPI = require('xMattersAPI');\n\n// log prefix\nvar sharedLibraryName = \"[xMattersPersonCollection] \";\n\nexports.getUserNames = function(filter, endpoint) {\n\n  var xLoggerPrefix = sharedLibraryName + \"getUserNames: \";\n\n\n  if (filter === null) {\n    filter = \"?\";\n  } else {\n    filter += \"&\";\n  }\n\n  var people = this.getPeople(filter + 'offset=0&limit=1000', endpoint);\n\n  var total = people.total;\n  var count = people.count;\n  var personNames = [];\n  var p = 0;\n\n  while (p < total) {\n\n    for (var i = 0; i < count; i++) {\n      personNames.push(json.data[i].targetName);\n    }\n\n    p += count;\n\n    if (p < total) {\n\n      people = this.getPeople(filter + 'offset=' + p + '&limit=1000', endpoint);\n      count = people.count;\n    }\n  }\n\n  return personNames;\n};\n\nexports.getPeople = function(filter, endpoint) {\n\n  var xLoggerPrefix = sharedLibraryName + \"getPeople: \";\n  var path = \"/api/xm/1/people\" + filter;\n  var response = xmAPI.get(endpoint, path);\n  try {\n    if (xmAPI.statusCodeSuccess(response.statusCode)) {\n      json = JSON.parse(response.body);\n      console.log(xLoggerPrefix + \"Retrieved people\");\n    } else {\n      console.log(xLoggerPrefix + \"Error occured while executing getPeople for filter \" + filter + \"  Response: \" + JSON.stringify(response));\n      json = null;\n    }\n  } catch (e) {\n    console.log(xLoggerPrefix + \"Unexpected error:\" + e);\n    json = null;\n  }\n  return json;\n};\n\n\nexports.getUsersGroupMembership = function(endpoint, userName) {\n  console.log(\"endpoint: \" + endpoint);\n  var xLoggerPrefix = sharedLibraryName + \"getUsersGroupMembership: \";\n\n  var filter = \"/api/xm/1/people/\" + userName + \"/group-memberships\";\n\n  var membership = this.getGroupMembership(filter + '?offset=0&limit=1000', endpoint, userName);\n\n  if (!membership){\n    // If the user does not exist we're returning an empty array\n    console.log(xLoggerPrefix+ \"User: \" + userName + \" does not exist in \" + endpoint + \".\");\n    return [];\n  }\n\n  var total = membership.total;\n  var count = membership.count;\n  var groupNames = [];\n  var p = 0;\n\n  while (p < total) {\n\n    for (var i = 0; i < count; i++) {\n      groupNames.push(json.data[i].group.targetName);\n    }\n\n    p += count;\n\n    if (p < total) {\n\n      membership = this.getGroupMembership(filter + '?offset=' + p + '&limit=1000', endpoint, userName);\n      count = membership.count;\n    }\n  }\n\n  return groupNames;\n};\n\nexports.getGroupMembership = function(path, endpoint, userName) {\n  var xLoggerPrefix = sharedLibraryName + \"getGroupMembership: \";\n\n  var headers = {\n    \"Content-Type\": \"application/json\"\n  };\n\n  var response = xmAPI.get(endpoint, path, headers);\n  try {\n    if (xmAPI.statusCodeSuccess(response.statusCode)) {\n      json = JSON.parse(response.body);\n      console.log('Retrieving group memberships for: ' + userName);\n      for (var i in json.data) {\n        console.log('User belongs to group \"' + json.data[i].group.targetName + '\" as a \"' + json.data[i].member.recipientType + '\" named \"' + json.data[i].member.targetName + '\"');\n      }\n    } else {\n      json = null;\n    }\n  } catch (e) {\n\n    console.log(xLoggerPrefix + \"Unexpected exception: \" + e);\n    json = null;\n  }\n  return json;\n};"
  },
  {
    "name": "xMattersProperty",
    "script": "// shared libraries\nvar xmAPI = require('xMattersAPI');\n\n// log prefix\nvar sharedLibraryName = \"[xMattersProperty] \";\n\nexports.updateProperty = function(data, propertyUUID, endpoint) {\nvar xLoggerPrefix = sharedLibraryName + \"updateProperty: \";\n  var path = \"/reapi/2015-01-01/properties/\" + propertyUUID + \"/values\";\n  var response = xmAPI.put(data, endpoint, path);\n\n  try {\n    if (xmAPI.statusCodeSuccess(response.statusCode)) {\n      console.log(xLoggerPrefix + \"Property successfully updated\");\n    } else {\n      console.log(xLoggerPrefix + \"Property update failed\");\n      json = null;\n    }\n  } catch (e) {\n\n    console.log(xLoggerPrefix + \"Unexpected exception:\" + e);\n    json = null;\n  }\n  return json;\n};"
  },
  {
    "name": "xMattersSite",
    "script": "// shared libraries\nvar xmAPI = require('xMattersAPI');\n\n// log prefix\nvar sharedLibraryName = \"[xMattersSite] \";\n\nexports.getSiteAddressLine = function(environment) {\n\n  var xLoggerPrefix = sharedLibraryName + \"getSiteAddressLine: \";\n\n  var response = this.getSites('?offset=0&limit=1000', environment);\n\n  if (!response) {\n    console.log(xLoggerPrefix + \"Sites Not Returned\");\n    return null;\n  }\n\n  var total = response.total;\n  var count = response.count;\n  var p = 0;\n  var siteValues = [];\n\n  while (p < total) {\n\n    // loop through the sites returned and push to an array\n    for (var d in response.data) {\n\n      var siteDetails = [];\n\n      if (typeof response.data[d].address1 !== 'undefined' && response.data[d].address1 !== '') {\n        siteDetails.push(response.data[d].address1);\n      } else if (typeof response.data[d].name !== 'undefined' && response.data[d].name !== '') {\n        siteDetails.push(response.data[d].name);\n      }\n\n      if (typeof response.data[d].address2 !== 'undefined' && response.data[d].address2 !== '') {\n        siteDetails.push(response.data[d].address2);\n      }\n\n      if (typeof response.data[d].city !== 'undefined' && response.data[d].city !== '') {\n        siteDetails.push(response.data[d].city);\n      }\n\n      if (typeof response.data[d].state !== 'undefined' && response.data[d].state !== '') {\n        siteDetails.push(response.data[d].state);\n      }\n\n      if (typeof response.data[d].country !== 'undefined' && response.data[d].country !== '') {\n        siteDetails.push(response.data[d].country);\n      }\n\n      var name = \"\";\n      for (var i in siteDetails) {\n        console.log(\"adding: \" + siteDetails[i]);\n        name += siteDetails[i];\n\n        // include a trailing space if it's not the last item in the list\n        if (parseInt(i) !== parseInt(siteDetails.length - 1)) {\n          name += \" \";\n        }\n      }\n\n      if (siteValues.indexOf(name) === -1) {\n        siteValues.push(name);\n      }\n    }\n\n    p += count;\n\n    if (p < total) {\n      response = this.getSites('?offset=' + p + '&limit=1000', environment);\n      count = response.count;\n    }\n  }\n\n  var sortSites = siteValues.sort();\n  return sortSites;\n};\n\nexports.getSites = function(filter, endpoint) {\n  var xLoggerPrefix = sharedLibraryName + \"getSites: \";\n\n  var path = \"/api/xm/1/sites?\" + filter;\n  var response = xmAPI.get(endpoint, path);\n  try {\n    if (xmAPI.statusCodeSuccess(response.statusCode)) {\n      json = JSON.parse(response.body);\n      console.log(xLoggerPrefix + \"Retrieved \" + json.count + \" of \" + json.total + \"sites\");\n    } else {\n      console.log(xLoggerPrefix + \"Failed retrieving sites\");\n      json = null;\n    }\n  } catch (e) {\n\n    console.log(xLoggerPrefix + \"Unexpected error:\" + e);\n    json = null;\n  }\n  return json;\n};\n\nexports.getSite = function(siteName, endpoint) {\n  var xLoggerPrefix = sharedLibraryName + \"getSite: \";\n  var path = \"/api/xm/1/sites/\" + encodeURIComponent(siteName);\n  var response = xmAPI.get(endpoint, path);\n  try {\n    if (xmAPI.statusCodeSuccess(response.statusCode)) {\n      json = JSON.parse(response.body);\n      console.log(xLoggerPrefix + \"Retrieved site: \" + json.name + \". ID = \" + json.id);\n    } else if (response.statusCode == 404) {\n      console.log(xLoggerPrefix + \"The site could not be found: \" + siteName);\n      json = null;\n    } else {\n      console.log(xLoggerPrefix + \"Error occured while retrieving Site: \" + siteName + \" Response: \" + JSON.stringify(response));\n      json = null;\n    }\n  } catch (e) {\n    console.log(xLoggerPrefix + \"Unexpected error:\" + e);\n\n    json = null;\n  }\n  return json;\n};\n\n\nexports.modifySiteCoordinates = function(endpoint, siteId, longitude, latitude, siteName) {\n\n  var xLoggerPrefix = sharedLibraryName + \"modifySiteCoordinates: \";\n  var path = \"/api/xm/1/sites\";\n  var headers = {\n    \"Content-Type\": \"application/json\"\n  };\n\n  var data = {};\n  data.longitude = longitude;\n  data.latitude = latitude;\n  data.id = siteId;\n\n  var response = xmAPI.post(data, endpoint, path);\n\n  try {\n    if (xmAPI.statusCodeSuccess(response.statusCode)) {\n      json = JSON.parse(response.body);\n      console.log(xLoggerPrefix + 'Modified site: ' + json.name + '. ID = ' + json.id);\n    } else if (response.statusCode == 404) {\n      console.log(xLoggerPrefix + \"The site could not be found: \" + siteName);\n      json = null;\n    } else if (response.statusCode == 409) {\n      console.log(xLoggerPrefix + 'The action cannot be performed in the system');\n    } else {\n      console.log(xLoggerPrefix + \"Error occured while retrieving Site: \" + siteName + \" Response: \" + JSON.stringify(response));\n      json = null;\n    }\n  } catch (e) {\n    console.log(xLoggerPrefix + \"Unexpected error:\" + e);\n    json = null;\n  }\n  return json;\n};"
  }
]